Trait,User_Mean,NonUser_Mean,Mean_Diff,t_statistic,p_value,Cohens_d,Significance
Nscore,0.12957176170212767,-0.2143084084507042,0.3438801701528319,7.349346639159194,2.9539273865789355e-13,0.3559722937903148,***
Escore,-0.05282188085106383,0.08698426760563378,-0.13980614845669762,-2.9547272424281474,0.0031682967933515035,-0.1431780577023461,**
Oscore,0.28443456170212766,-0.4721379577464788,0.7565725194486065,17.178377048567214,1.4757077346038823e-61,0.8224779383878772,***
Ascore,-0.13973057021276594,0.23059388732394365,-0.3703244575367096,-7.938170505855767,3.4931514031768917e-15,-0.3809289540034501,***
Cscore,-0.2354575744680851,0.38864071830985913,-0.6240982927779443,-13.808711048924177,2.1855415932963765e-41,-0.6650761764171661,***
Impulsive,0.24373551489361703,-0.3842069718309859,0.627942486724603,14.599441433451858,8.174797740691972e-46,0.6983726968134589,***
SS,0.3263742893617021,-0.5488656056338028,0.8752398949955049,21.27310141202887,3.58049710849541e-90,1.0151298780160654,***
