Confidence Range,N Samples,Percentage,Accuracy
Low (0-30%),76,20.159151193633953,0.9078947368421053
Medium (30-50%),74,19.628647214854112,0.6891891891891891
High (50-70%),47,12.46684350132626,0.6808510638297872
Very High (70-100%),180,47.745358090185675,0.9611111111111111
