{
    "evaluation_date": "2025-11-07 15:38:52",
    "models_evaluated": [
        "Baseline",
        "Tuned"
    ],
    "test_samples": 377,
    "baseline_performance": {
        "accuracy": 0.8647214854111406,
        "roc_auc": 0.9271201678154031,
        "f1_score": 0.8898488120950324,
        "precision": 0.9035087719298246,
        "recall": 0.8765957446808511,
        "specificity": 0.8450704225352113
    },
    "tuned_performance": {
        "accuracy": 0.8620689655172413,
        "roc_auc": 0.9347018279892118,
        "f1_score": 0.8874458874458875,
        "precision": 0.9030837004405287,
        "recall": 0.8723404255319149,
        "specificity": 0.8450704225352113
    },
    "improvement_summary": {
        "average_improvement_percent": -0.21876633794558895,
        "improved_metrics": 1,
        "total_metrics": 9
    },
    "overfitting_analysis": {
        "baseline_gap": 0.13527851458885942,
        "tuned_gap": 0.008620689655172487,
        "gap_reduction": 0.12665782493368694
    },
    "error_analysis": {
        "total_samples": 377,
        "correct_predictions": 325,
        "incorrect_predictions": 52,
        "true_positives": 205,
        "true_negatives": 120,
        "false_positives": 22,
        "false_negatives": 30,
        "user_error_rate": 0.1276595744680851,
        "nonuser_error_rate": 0.15492957746478872,
        "fp_mean_confidence": 0.6531533693919666,
        "fn_mean_confidence": 0.3716068592915452
    },
    "calibration": {
        "mean_calibration_error": 0.08175847837848983,
        "brier_score": 0.10608637202961077
    },
    "clinical_metrics": {
        "sensitivity": 0.8723404255319149,
        "specificity": 0.8450704225352113,
        "ppv": 0.9030837004405287,
        "npv": 0.8,
        "false_positive_rate": 0.15492957746478872,
        "false_negative_rate": 0.1276595744680851
    }
}