Group,N_Features,N_in_Top10,Avg_Rank,Total_SHAP,Avg_SHAP
Behavioral Measures,2,1,6.5,0.08472159185536493,0.042360795927682465
Demographics,3,3,6.5555555555555545,0.11139466557259241,0.037131555190864134
Personality (NEO-FFI-R),5,3,9.4,0.11892514327150726,0.023785028654301453
Country,7,2,13.142857142857142,0.16122380082564977,0.023031971546521396
Ethnicity,7,0,18.333333333333332,0.00195397346809293,0.0002791390668704186
