Model,Train Accuracy,Test Accuracy,Accuracy Gap,Train ROC-AUC,Test ROC-AUC,ROC-AUC Gap
Baseline,1.0,0.8647214854111406,0.13527851458885942,1.0,0.9271201678154031,0.07287983218459693
Tuned,0.8706896551724138,0.8620689655172413,0.008620689655172487,0.9441451902906803,0.9347018279892118,0.009443362301468583
