{
    "dataset_info": {
        "total_samples": 1885,
        "total_features": 58,
        "missing_values": 0,
        "duplicates": 0,
        "memory_mb": 3.09
    },
    "demographics": {
        "gender_distribution": {
            "-0.48246": 943,
            "0.48246": 942
        },
        "age_distribution": {
            "-0.95197": 643,
            "-0.07854": 481,
            "0.49788": 356,
            "1.09449": 294,
            "1.82213": 93,
            "2.59171": 18
        },
        "education_distribution": {
            "-0.61113": 506,
            "0.45468": 480,
            "1.16365": 283,
            "-0.05921": 270,
            "-1.22751": 100,
            "-1.7379": 99,
            "1.98437": 89,
            "-1.43719": 30,
            "-2.43591": 28
        },
        "country_distribution": {
            "0.96082": 1044,
            "-0.57009": 557,
            "-0.28519": 118,
            "0.24923": 87,
            "-0.09765": 54,
            "0.21128": 20,
            "-0.46841": 5
        },
        "ethnicity_distribution": {
            "-0.31685": 1720,
            "0.1144": 63,
            "-1.10702": 33,
            "-0.50212": 26,
            "0.126": 20,
            "-0.22166": 20,
            "1.90725": 3
        }
    },
    "binary_target": {
        "user_count": 1175,
        "nonuser_count": 710,
        "user_percentage": 62.3342175066313,
        "imbalance_ratio": 0.6042553191489362,
        "threshold": 0.5,
        "threshold_definition": "Value > 0.5 = Recent Use (CL3-CL6)",
        "class_0": "Non-Recent Use (CL0, CL1, CL2)",
        "class_1": "Recent Use (CL3, CL4, CL5, CL6)"
    },
    "personality_stats": {
        "Nscore": {
            "count": 1885,
            "mean": 4.660477453581443e-05,
            "std": 0.9981059358473481,
            "min": -3.46436,
            "25%": -0.67825,
            "50%": 0.04257,
            "75%": 0.62967,
            "max": 3.27393
        },
        "Escore": {
            "count": 1885,
            "mean": -0.0001628010610079536,
            "std": 0.9974484946397126,
            "min": -3.27393,
            "25%": -0.69509,
            "50%": 0.00332,
            "75%": 0.63779,
            "max": 3.27393
        },
        "Oscore": {
            "count": 1885,
            "mean": -0.0005343978779840694,
            "std": 0.9962285537660901,
            "min": -3.27393,
            "25%": -0.71727,
            "50%": -0.01928,
            "75%": 0.7233,
            "max": 2.90161
        },
        "Ascore": {
            "count": 1885,
            "mean": -0.0002449655172413689,
            "std": 0.9974404928094333,
            "min": -3.46436,
            "25%": -0.60633,
            "50%": -0.01729,
            "75%": 0.76096,
            "max": 3.46436
        },
        "Cscore": {
            "count": 1885,
            "mean": -0.0003860689655172399,
            "std": 0.9975226271655743,
            "min": -3.46436,
            "25%": -0.65253,
            "50%": -0.00665,
            "75%": 0.58489,
            "max": 3.46436
        },
        "Impulsive": {
            "count": 1885,
            "mean": 0.007216063660477443,
            "std": 0.9544345111747234,
            "min": -2.55524,
            "25%": -0.71126,
            "50%": -0.21712,
            "75%": 0.52975,
            "max": 2.90161
        },
        "SS": {
            "count": 1885,
            "mean": -0.003291665782493378,
            "std": 0.9637011589526342,
            "min": -2.07848,
            "25%": -0.52593,
            "50%": 0.07987,
            "75%": 0.7654,
            "max": 1.92173
        }
    },
    "drug_prevalence": {
        "Alcohol": 92.78514588859417,
        "Caff": 96.76392572944297,
        "Choc": 97.61273209549071,
        "Nicotine": 56.233421750663126,
        "Amphet": 23.129973474801062,
        "Amyl": 7.0557029177718835,
        "Benzos": 28.381962864721483,
        "Cannabis": 52.99734748010611,
        "Coke": 22.122015915119363,
        "Crack": 4.190981432360743,
        "Ecstasy": 27.427055702917773,
        "Heroin": 6.259946949602122,
        "Ketamine": 11.03448275862069,
        "Legalh": 29.92042440318302,
        "LSD": 20.159151193633953,
        "Meth": 16.976127320954905,
        "Mushrooms": 23.023872679045095,
        "Semer": 0.15915119363395225
    },
    "statistical_tests": [
        {
            "Trait": "Nscore",
            "User_Mean": 0.12957176170212767,
            "NonUser_Mean": -0.2143084084507042,
            "Mean_Diff": 0.3438801701528319,
            "t_statistic": 7.349346639159194,
            "p_value": 2.9539273865789355e-13,
            "Cohens_d": 0.3559722937903148,
            "Significance": "***"
        },
        {
            "Trait": "Escore",
            "User_Mean": -0.05282188085106383,
            "NonUser_Mean": 0.08698426760563378,
            "Mean_Diff": -0.13980614845669762,
            "t_statistic": -2.9547272424281474,
            "p_value": 0.0031682967933515035,
            "Cohens_d": -0.1431780577023461,
            "Significance": "**"
        },
        {
            "Trait": "Oscore",
            "User_Mean": 0.28443456170212766,
            "NonUser_Mean": -0.4721379577464788,
            "Mean_Diff": 0.7565725194486065,
            "t_statistic": 17.178377048567214,
            "p_value": 1.4757077346038823e-61,
            "Cohens_d": 0.8224779383878772,
            "Significance": "***"
        },
        {
            "Trait": "Ascore",
            "User_Mean": -0.13973057021276594,
            "NonUser_Mean": 0.23059388732394365,
            "Mean_Diff": -0.3703244575367096,
            "t_statistic": -7.938170505855767,
            "p_value": 3.4931514031768917e-15,
            "Cohens_d": -0.3809289540034501,
            "Significance": "***"
        },
        {
            "Trait": "Cscore",
            "User_Mean": -0.2354575744680851,
            "NonUser_Mean": 0.38864071830985913,
            "Mean_Diff": -0.6240982927779443,
            "t_statistic": -13.808711048924177,
            "p_value": 2.1855415932963765e-41,
            "Cohens_d": -0.6650761764171661,
            "Significance": "***"
        },
        {
            "Trait": "Impulsive",
            "User_Mean": 0.24373551489361703,
            "NonUser_Mean": -0.3842069718309859,
            "Mean_Diff": 0.627942486724603,
            "t_statistic": 14.599441433451858,
            "p_value": 8.174797740691972e-46,
            "Cohens_d": 0.6983726968134589,
            "Significance": "***"
        },
        {
            "Trait": "SS",
            "User_Mean": 0.3263742893617021,
            "NonUser_Mean": -0.5488656056338028,
            "Mean_Diff": 0.8752398949955049,
            "t_statistic": 21.27310141202887,
            "p_value": 3.58049710849541e-90,
            "Cohens_d": 1.0151298780160654,
            "Significance": "***"
        }
    ]
}