{
    "numeric_features": {
        "Age_Encoded": {
            "count": 1508.0,
            "mean": 1.3421750663129974,
            "std": 1.2686400939501188,
            "min": 0.0,
            "25%": 0.0,
            "50%": 1.0,
            "75%": 2.0,
            "max": 5.0
        },
        "Gender_Encoded": {
            "count": 1508.0,
            "mean": 0.5053050397877984,
            "std": 0.5001377114149276,
            "min": 0.0,
            "25%": 0.0,
            "50%": 1.0,
            "75%": 1.0,
            "max": 1.0
        },
        "Education_Encoded": {
            "count": 1508.0,
            "mean": 4.994694960212201,
            "std": 1.7869165368893678,
            "min": 0.0,
            "25%": 4.0,
            "50%": 5.0,
            "75%": 6.0,
            "max": 8.0
        },
        "Nscore": {
            "count": 1508.0,
            "mean": -0.011067413793103453,
            "std": 1.0138024300897823,
            "min": -3.15735,
            "25%": -0.67825,
            "50%": 0.04257,
            "75%": 0.62967,
            "max": 3.27393
        },
        "Escore": {
            "count": 1508.0,
            "mean": 0.002078673740053056,
            "std": 0.9843141025718348,
            "min": -3.27393,
            "25%": -0.69509,
            "50%": 0.00332,
            "75%": 0.63779,
            "max": 3.27393
        },
        "Oscore": {
            "count": 1508.0,
            "mean": 0.01027891246684352,
            "std": 0.9889047061128494,
            "min": -3.27393,
            "25%": -0.71727,
            "50%": -0.01928,
            "75%": 0.7233,
            "max": 2.90161
        },
        "Ascore": {
            "count": 1508.0,
            "mean": 0.003890212201591522,
            "std": 0.988619403363292,
            "min": -3.46436,
            "25%": -0.60633,
            "50%": -0.01729,
            "75%": 0.59042,
            "max": 3.15735
        },
        "Cscore": {
            "count": 1508.0,
            "mean": -0.01220273209549071,
            "std": 1.004159141076252,
            "min": -3.46436,
            "25%": -0.65253,
            "50%": -0.00665,
            "75%": 0.7583,
            "max": 3.46436
        },
        "Impulsive": {
            "count": 1508.0,
            "mean": 0.007411744031830242,
            "std": 0.9520995679058878,
            "min": -2.55524,
            "25%": -0.71126,
            "50%": -0.21712,
            "75%": 0.52975,
            "max": 2.90161
        },
        "SS": {
            "count": 1508.0,
            "mean": -5.466180371351754e-05,
            "std": 0.9544851459350752,
            "min": -2.07848,
            "25%": -0.52593,
            "50%": 0.07987,
            "75%": 0.7654,
            "max": 1.92173
        }
    },
    "target_correlation": {
        "SS": 0.41979192846221053,
        "Age_Encoded": -0.3999679115384964,
        "Oscore": 0.36970917164523553,
        "Impulsive": 0.3080320052066498,
        "Cscore": -0.30574246836352575,
        "Gender_Encoded": 0.2737624900384083,
        "Education_Encoded": -0.22142132975582232,
        "Ascore": -0.18845552411655003,
        "Nscore": 0.1723095106720044,
        "Escore": -0.06767710744262101
    },
    "high_correlations": []
}